gene	logOR	p-value adjusted	P	M	C	S	totalP	totalM	totalC	totalS	mice_with_C_or_S	n_alt_counts	n_CL
ENO4	12.74	1.94e-18	0	0	34	49	11	9	34	49	9	151	5
GPR65	12.76	1.94e-18	0	0	36	48	11	9	36	48	9	162	5
ZNF639	12.81	1.94e-18	0	0	36	51	11	9	36	51	9	351	6
ZNF165	12.72	2.23e-18	0	0	34	48	11	9	34	48	9	166	5
BARX2	12.56	6.87e-18	0	0	33	40	11	9	33	40	9	246	6
CCNE2	12.71	6.87e-18	0	0	36	54	10	8	36	54	9	105	6
MIER3	12.58	6.87e-18	0	0	34	40	11	9	34	40	9	172	5
SERBP1	12.58	6.87e-18	0	0	30	44	11	9	30	44	9	67	6
HNRNPH1	12.68	7.7e-18	0	0	36	52	10	8	36	52	9	152	6
CDS2	12.48	8.57e-18	0	0	32	37	11	9	32	37	9	91	5
CYP46A1	12.48	8.57e-18	0	0	30	39	11	9	30	39	8	130	6
ELOVL2	12.63	8.57e-18	0	0	37	48	10	8	37	48	9	100	5
EPS15L1	12.5	8.57e-18	0	0	31	39	11	9	31	39	9	185	5
FOXN3	12.64	8.57e-18	0	0	37	49	10	8	37	49	8	113	6
SMURF2	12.5	8.57e-18	0	0	29	41	11	9	29	41	9	126	5
SUCNR1	12.48	8.57e-18	0	0	32	37	11	9	32	37	9	183	5
MYH10	12.61	9.11e-18	0	0	34	50	10	8	34	50	9	233	6
XRCC3	12.46	1.21e-17	0	0	28	40	11	9	28	40	9	463	6
TTI1	12.41	1.93e-17	0	0	29	37	11	9	29	37	9	489	6
BPTF	12.5	2.44e-17	0	0	35	43	10	8	35	43	9	327	6
HADH	10.45	2.44e-17	0	0	36	49	11	9	36	51	9	252	5
TRIP11	11.21	2.44e-17	0	0	37	49	11	9	37	50	9	196	6
ROS1	11.16	3.39e-17	0	0	36	47	11	9	36	48	9	472	6
RBM27	12.41	4.68e-17	0	0	34	39	10	8	34	39	9	89	5
ADAMTS9	12.28	7e-17	0	0	24	36	11	9	24	36	9	150	5
ARMCX2	12.28	7e-17	0	0	26	34	11	9	26	34	9	265	5
CCNI2	12.25	7e-17	0	0	28	31	11	9	28	31	9	149	5
HNRNPU	10.33	1e-16	0	0	35	43	11	9	36	44	9	409	6
KYAT3	11.05	1e-16	0	0	34	43	11	9	34	44	9	112	5
SCN2A	12.48	1.19e-16	0	0	37	49	9	7	37	49	9	67	5
TAF1D	12.29	1.43e-16	0	0	31	36	10	8	31	36	9	86	5
AP5M1	11.12	2.02e-16	0	0	37	53	10	8	37	54	9	190	6
ZNF613	10.24	2.21e-16	0	0	31	42	11	9	31	44	9	576	6
SSH1	12.36	3.03e-16	0	0	33	46	9	7	33	46	9	112	5
CLMP	12.2	3.26e-16	0	0	30	33	10	8	30	33	9	123	5
NFE2L1	12.22	3.26e-16	0	0	27	37	10	8	27	37	9	163	6
BMP10	10.27	5.31e-16	0	0	37	46	10	8	37	48	9	53	5
KIF11	12.28	5.75e-16	0	0	33	42	9	7	33	42	9	106	6
FRYL	9.95	6.25e-16	0	0	34	50	11	9	34	53	9	374	6
KIAA0232	9.59	6.25e-16	0	0	34	50	11	9	35	53	9	413	5
PCDHGA5	10.87	7.65e-16	0	0	33	35	11	9	34	35	9	206	5
PCDH20	12.1	7.77e-16	0	0	30	29	10	8	30	29	9	94	5
SUDS3	9.55	8.82e-16	0	0	32	50	11	9	35	51	9	136	6
EVI2B	10.92	1.46e-15	0	0	33	45	10	8	33	46	8	288	6
CHMP4B	11.96	1.82e-15	0	0	25	23	11	9	25	23	8	234	6
RNF180	11.96	1.82e-15	0	0	23	25	11	9	23	25	9	192	5
BMT2	10.13	2.02e-15	0	0	35	40	10	8	35	42	9	106	5
EPB41L3	10.84	3.01e-15	0	0	33	41	10	8	33	42	9	128	5
DCP1A	11.9	3.45e-15	0	0	18	28	11	9	18	28	8	131	5
ADGRA3	9.3	7.08e-15	0	0	36	48	11	9	37	52	9	271	5
CKAP5	9.28	7.08e-15	0	0	34	49	11	9	35	53	9	237	6
EPB41L2	10.88	7.65e-15	0	0	37	48	9	7	37	49	9	63	6
ELK4	8.97	1.54e-14	0	0	31	48	11	9	33	52	9	216	5
NUMB	11.78	1.84e-14	0	0	26	21	10	8	26	21	9	81	5
ZNF557	11.78	1.84e-14	0	0	21	26	10	8	21	26	9	168	5
PTCHD1	9.35	2e-14	0	0	35	44	10	8	35	48	9	151	5
BAZ1A	11.66	2.81e-14	0	0	19	20	11	9	19	20	8	138	6
LARP4B	11.66	2.81e-14	0	0	16	23	11	9	16	23	9	187	5
PRIM2	9.32	2.81e-14	0	0	32	45	10	8	33	48	9	136	5
LHX8	11.86	2.82e-14	0	0	30	26	9	7	30	26	9	28	5
YME1L1	11.75	3.17e-14	0	0	15	31	10	8	15	31	9	225	5
NRG3	9.3	4e-14	0	0	35	41	10	8	35	45	9	67	5
CHST11	10.54	5.91e-14	0	0	26	34	10	8	26	35	9	171	5
SMCO3	11.62	5.91e-14	0	0	15	23	11	9	15	23	9	172	6
SLC30A4	11.73	7.33e-14	0	0	27	24	9	7	27	24	9	66	5
CNTN4	11.62	1.09e-13	0	0	21	21	10	8	21	21	9	74	6
COPS5	11.58	1.09e-13	0	0	17	24	10	8	17	24	9	50	5
RGL1	8.6	1.09e-13	0	0	36	44	11	9	37	51	9	165	6
SZT2	11.62	1.09e-13	0	0	23	19	10	8	23	19	7	88	5
MAP4K3	11.55	1.26e-13	0	0	12	24	11	9	12	24	9	77	5
APTX	9.64	1.39e-13	0	0	26	22	11	9	26	24	9	98	5
KCNMA1	9.68	1.46e-13	0	0	25	30	10	8	26	31	8	239	5
KMT2A	8.73	1.5e-13	0	0	33	44	11	9	35	49	9	411	5
PCDHB14	8.55	1.5e-13	0	0	36	41	11	9	36	49	9	490	6
PIK3CA	8.97	1.58e-13	0	0	27	40	11	9	28	44	9	165	5
CNNM2	11.51	1.99e-13	0	0	22	17	10	8	22	17	9	118	5
GOLGA2	11.51	1.99e-13	0	0	20	19	10	8	20	19	9	122	5
PCDH10	9.54	2.49e-13	0	0	24	21	11	9	24	23	9	146	5
AREL1	11.47	2.69e-13	0	0	15	19	11	9	15	19	8	191	5
CUL5	11.42	2.69e-13	0	0	13	20	11	9	13	20	9	109	6
CTNNA3	8.49	3.19e-13	0	0	36	38	11	9	36	46	9	249	6
LARP7	10.31	3.83e-13	0	0	25	26	10	8	26	26	9	246	6
SARAF	9.57	3.83e-13	0	0	27	24	10	8	27	26	9	75	5
ZNF385B	11.48	3.89e-13	0	0	17	21	10	8	17	21	9	38	5
COPA	11.52	5.46e-13	0	0	18	26	9	7	18	26	7	99	5
CDC25C	11.36	8.15e-13	0	0	13	22	10	8	13	22	9	190	5
PCID2	11.4	8.15e-13	0	0	9	27	10	8	9	27	9	205	6
PCDHGA2	8.89	1.16e-12	0	0	32	38	10	8	32	43	9	207	5
MORF4L2	9.21	1.37e-12	0	0	19	31	11	9	19	34	9	127	5
MAEL	9.01	1.66e-12	0	0	33	37	9	7	34	40	9	59	5
ATP6V0D1	11.38	1.72e-12	0	0	13	27	9	7	13	27	9	44	5
HELLS	11.38	1.72e-12	0	0	21	19	9	7	21	19	8	93	5
N4BP1	11.35	1.72e-12	0	0	14	25	9	7	14	25	8	93	5
PPP6R3	9.43	1.96e-12	0	0	19	27	10	8	21	27	9	91	5
DEPDC5	8.46	2.58e-12	0	0	32	32	11	9	33	38	9	198	6
GBF1	11.19	4.11e-12	0	0	11	17	11	9	11	17	6	227	6
AFDN	6.29	5.38e-12	2	2	38	52	12	9	40	54	10	1782	6
CNOT1	11.19	6.23e-12	0	0	12	23	9	7	12	23	8	66	5
GABRB1	9.03	8.22e-12	0	0	23	21	11	9	23	24	9	164	5
ARL6IP5	8.24	8.47e-12	0	0	34	43	10	8	36	50	9	141	5
ETFBKMT	11.09	8.47e-12	0	0	14	15	10	8	14	15	8	133	5
JAM2	11.09	8.47e-12	0	0	15	14	10	8	15	14	9	45	5
GMPR2	8.14	8.53e-12	0	0	28	37	11	9	33	41	9	435	5
PSMC3IP	11.09	1.07e-11	0	0	14	12	11	9	14	12	9	136	5
RNF216	10.03	1.07e-11	0	0	20	27	9	7	21	27	8	88	5
DOCK10	8.74	1.62e-11	0	0	30	28	9	7	31	31	9	214	6
PCYOX1	7.86	1.81e-11	0	0	36	40	11	9	37	52	9	272	6
NFATC3	10.99	1.98e-11	0	0	13	14	10	8	13	14	7	138	5
RTN4IP1	11.04	1.98e-11	0	0	13	15	10	8	13	15	8	94	6
TRPC7	11.04	1.98e-11	0	0	11	17	10	8	11	17	9	82	5
TXNL4A	8.43	2.15e-11	0	0	32	46	9	7	35	50	9	25	5
MRPL15	9.06	2.43e-11	0	0	24	32	9	7	24	35	8	92	5
PUS7	10.91	3.03e-11	0	0	12	11	11	9	12	11	8	97	6
USP9X	8.58	3.05e-11	0	0	23	23	10	8	26	24	8	180	5
ARMH3	7.86	3.11e-11	0	0	25	34	11	9	29	40	9	130	5
MPDZ	10.04	3.2e-11	0	0	26	28	8	6	26	29	8	129	5
PSEN1	7.98	3.2e-11	0	0	32	46	10	8	36	53	9	119	6
ST8SIA6	8.25	3.31e-11	0	0	28	33	10	8	30	38	9	130	5
HAO2	9.01	3.62e-11	0	0	29	25	9	7	29	28	8	41	5
RFX6	9.01	3.62e-11	0	0	26	28	9	7	27	30	9	80	5
ZNF780B	9.75	3.62e-11	0	0	13	18	11	9	13	19	9	227	6
MAK	8.16	3.68e-11	0	0	21	24	11	9	22	29	9	209	6
KHSRP	8.16	4.3e-11	0	0	26	26	11	9	27	32	8	291	6
PTCH1	7.82	4.35e-11	0	0	36	40	10	8	37	51	9	237	6
GLB1L	10.94	4.69e-11	0	0	12	14	10	8	12	14	9	102	5
PPIL4	10.93	4.83e-11	0	0	10	19	9	7	10	19	7	45	5
MALSU1	7.72	5.19e-11	0	0	30	39	11	9	36	46	9	140	6
CSTF2T	7.64	5.3e-11	0	0	31	44	11	9	37	53	9	577	5
OR9Q1	8.82	5.39e-11	0	0	19	19	11	9	20	21	9	217	5
PROZ	8.59	5.47e-11	0	0	27	25	9	7	27	29	7	74	5
OAS1	7.31	5.81e-11	0	0	38	48	12	9	44	65	10	854	6
PTER	8.1	6.52e-11	0	0	14	29	11	9	17	32	9	88	5
DYNC1H1	7.62	7.49e-11	0	0	35	39	11	9	37	52	9	735	6
MPP5	7.6	7.49e-11	0	0	31	42	11	9	37	51	9	140	6
MRPL27	8.41	8.29e-11	0	0	24	26	10	8	25	30	9	73	5
ZSWIM3	10.78	8.66e-11	0	0	10	11	11	9	10	11	8	532	5
PDHA1	8.95	8.67e-11	0	0	14	19	10	8	14	21	9	70	6
MYO1D	8.45	8.93e-11	0	0	12	30	10	8	12	34	8	129	6
ZNF451	7.49	1.08e-10	0	0	35	37	11	9	36	52	8	344	6
CCSER1	8.19	1.45e-10	0	0	32	34	9	7	34	39	9	96	5
MYOT	7.45	1.59e-10	0	0	31	39	11	9	35	51	9	345	6
MTA3	9.6	1.86e-10	0	0	13	18	10	8	13	19	7	68	5
WAPL	7.82	2.01e-10	0	0	23	29	11	9	26	35	9	301	6
NR3C2	9.55	2.02e-10	0	0	13	14	11	9	13	15	8	605	6
GRTP1	8.3	2.35e-10	0	0	21	13	11	9	22	16	8	220	5
SNX27	10.72	2.44e-10	0	0	7	18	9	7	7	18	8	60	5
KDM1A	9.72	2.79e-10	0	0	24	19	8	6	25	19	8	30	5
BTBD16	7.33	3.07e-10	0	0	31	41	11	9	37	53	9	361	6
CHUK	10.64	3.5e-10	0	0	4	17	10	8	4	17	8	119	6
S100PBP	10.7	3.5e-10	0	0	11	11	10	8	11	11	9	120	5
ACOD1	7.89	3.92e-10	0	0	25	18	11	9	28	22	9	131	5
ATP13A3	8.68	3.92e-10	0	0	12	31	9	7	13	33	6	161	5
CFAP70	9.56	4.11e-10	0	0	9	21	10	8	10	21	7	186	5
SLC24A4	7.35	4.43e-10	0	0	33	36	11	9	37	49	9	265	6
PDHA2	7.48	4.73e-10	0	0	31	23	11	9	31	35	8	288	6
TBC1D31	7.58	4.73e-10	0	0	30	23	11	9	34	30	9	646	6
MTR	7.75	4.74e-10	0	0	17	32	10	8	20	37	9	211	5
PPP2R1B	10.72	5.47e-10	0	0	4	16	11	9	4	16	8	172	5
CA5B	10.6	5.97e-10	0	0	12	11	9	7	12	11	6	35	5
SLAMF6	10.64	7.03e-10	0	0	12	15	8	6	12	15	8	65	5
NUDT12	7.86	7.1e-10	0	0	17	25	11	9	18	31	8	278	5
USP54	7.87	7.91e-10	0	0	21	26	10	8	22	32	9	164	6
TDRD15	7.42	8.31e-10	0	0	35	36	10	8	37	49	9	176	5
TMEM26	7.6	8.31e-10	0	0	25	35	10	8	30	41	9	77	5
LATS1	7.96	9.79e-10	0	0	25	31	9	7	26	37	8	86	6
NOX1	10.57	1.05e-09	0	0	6	14	10	8	6	14	9	88	5
POSTN	10.49	1.05e-09	0	0	7	12	10	8	7	12	7	58	5
UGT3A2	8.15	1.21e-09	0	0	15	19	10	8	16	22	9	155	6
TNFRSF10C	8.6	1.22e-09	0	0	6	15	13	9	6	17	6	7509	6
ANKMY2	7.16	1.4e-09	0	0	34	30	11	9	36	46	9	127	6
MED26	9.33	1.42e-09	0	0	11	12	11	9	11	13	7	223	5
SLC25A24	10.54	1.54e-09	0	0	9	13	9	7	9	13	6	82	5
MBNL2	7.4	1.77e-09	0	0	29	32	10	8	31	43	8	223	6
RAD51AP2	7.29	1.77e-09	0	0	28	33	10	8	30	45	9	209	5
CTNNAL1	7.27	1.82e-09	0	0	29	29	11	9	30	43	9	209	5
GALNT5	7.5	2.56e-09	0	0	15	22	11	9	17	28	9	200	5
CHD1	8.38	2.8e-09	0	0	9	19	11	9	11	20	8	351	5
NUB1	8.33	2.8e-09	0	0	9	18	11	9	11	19	8	273	5
TDRD9	7.8	3.59e-09	0	0	24	26	9	7	25	32	8	208	5
LRPPRC	7.23	4.22e-09	0	0	24	25	11	9	29	33	8	191	6
CD4	7.18	4.42e-09	0	0	34	34	10	8	36	49	9	209	5
MAGI2	10.4	4.42e-09	0	0	7	13	9	7	7	13	7	88	6
BPHL	8.5	4.94e-09	0	0	10	17	9	7	11	18	8	127	5
STXBP1	9.29	4.94e-09	0	0	12	16	9	7	12	17	8	99	6
CCDC170	6.66	5.71e-09	0	0	34	42	12	9	44	64	10	531	6
PHKA1	7.47	5.71e-09	0	0	18	27	10	8	19	35	9	97	5
SLC26A3	8.5	5.81e-09	0	0	10	14	10	8	10	16	8	103	5
CALHM4	10.42	6.91e-09	0	0	5	13	10	8	5	13	8	67	5
SLC44A5	10.35	8.22e-09	0	0	10	12	8	6	10	12	7	61	5
RASGRF2	6.93	1.08e-08	0	0	31	36	10	8	36	51	9	438	6
ARMCX5	7.1	1.16e-08	0	0	28	29	10	8	30	42	9	105	5
KCNS2	6.92	1.23e-08	0	0	30	24	11	9	34	38	8	201	5
SPTSSB	6.74	1.23e-08	0	0	30	31	10	9	33	50	8	136	5
ASB4	10.25	1.37e-08	0	0	4	12	10	8	4	12	7	100	5
EXT1	10.25	1.37e-08	0	0	7	11	9	7	7	11	7	136	5
MED14	10.25	1.37e-08	0	0	4	14	9	7	4	14	9	101	5
FFAR4	6.83	1.85e-08	0	0	29	30	11	9	35	45	9	135	5
ARMCX1	6.88	2.03e-08	0	0	27	20	11	9	29	34	7	250	6
TAS2R16	6.52	2.13e-08	0	0	36	35	12	9	44	60	10	432	6
TFB2M	6.71	2.65e-08	0	0	29	33	11	9	37	49	9	243	6
BTK	7.49	2.71e-08	0	0	17	18	9	7	18	23	8	41	5
CREB5	7.73	2.71e-08	0	0	18	17	9	7	19	21	8	48	5
TXNIP	7.81	2.84e-08	0	0	11	19	9	7	11	23	7	127	5
TMEM143	7.71	2.88e-08	0	0	11	14	10	8	11	18	9	141	5
MTMR14	6.77	2.93e-08	0	0	22	32	11	9	31	43	9	167	5
JAKMIP2	5.39	3.18e-08	1	0	32	51	13	9	44	67	11	1052	6
MGAM	7.44	3.94e-08	0	0	12	18	10	8	15	21	8	98	5
HEATR4	6.79	4.82e-08	0	0	32	32	10	8	34	51	9	557	5
GDF9	6.67	4.99e-08	0	0	35	32	10	8	37	54	9	184	5
AHI1	7.1	6e-08	0	0	18	25	9	7	21	32	8	60	5
PPP3R2	6.74	6.47e-08	0	0	24	26	9	8	29	37	8	161	6
GFM2	6.8	6.58e-08	0	0	15	24	11	9	17	36	9	309	5
HRH2	6.66	6.94e-08	0	0	31	30	10	8	34	49	9	232	5
INPPL1	6.74	8.57e-08	0	0	25	20	11	9	29	33	7	245	5
CCDC149	6.62	8.94e-08	0	0	28	28	11	9	33	46	9	142	5
SCN11A	6.49	1.03e-07	0	0	26	36	11	9	37	53	8	281	6
PDCD11	6.33	1.09e-07	0	0	30	36	12	9	41	60	10	217	6
CCNQ	10	1.17e-07	0	0	3	9	11	9	3	9	6	82	5
CCPG1	10	1.17e-07	0	0	4	8	11	9	4	8	6	259	5
CYP2C8	6.42	1.46e-07	0	0	30	29	11	9	37	50	9	156	5
NTRK3	8.75	1.46e-07	0	0	8	9	10	8	8	10	7	182	5
OSBP2	8.02	1.46e-07	0	0	7	11	9	8	8	12	7	83	5
ZNF561	6.44	1.46e-07	0	0	29	31	11	9	36	52	9	387	5
CDNF	6.5	1.57e-07	0	0	28	21	11	9	31	40	9	86	6
TRIM24	6.7	1.58e-07	0	0	22	24	10	8	29	33	9	98	5
WEE1	6.65	1.58e-07	0	0	21	32	8	7	28	41	7	318	6
ZC3H6	7.84	1.59e-07	0	0	6	13	11	9	6	16	8	138	6
RAD21	7.55	1.68e-07	0	0	12	23	8	6	13	27	8	69	5
DGKI	8.01	1.7e-07	0	0	10	9	9	7	11	10	9	42	5
KIAA1958	8.73	1.7e-07	0	0	6	9	11	9	6	10	7	154	5
PSMD6	9.8	1.7e-07	0	0	5	8	9	7	5	8	6	128	6
VAC14	9.9	1.7e-07	0	0	6	8	9	7	6	8	6	90	5
ATAD2B	4.8	2e-07	1	1	35	34	11	9	36	51	9	661	6
SLC35F2	6.46	2e-07	0	0	29	23	11	9	34	42	9	128	5
WDFY3	6.65	2.11e-07	0	0	14	21	11	9	17	32	9	293	6
BNIP1	6.18	2.18e-07	0	0	33	28	12	9	39	58	10	313	6
SLC5A3	6.44	2.45e-07	0	0	26	21	11	9	33	36	9	411	5
CREBBP	6.94	2.51e-07	0	0	8	17	11	9	13	20	9	157	6
ANK3	6.39	2.59e-07	0	0	27	33	11	9	37	52	9	777	6
POLR3B	7.03	2.61e-07	0	0	18	19	9	7	20	26	8	88	5
PDE8A	9.85	2.74e-07	0	0	7	5	10	8	7	5	6	92	5
PSMD5	6.44	2.74e-07	0	0	27	30	10	8	35	46	8	169	5
RPS6KA6	9.85	2.74e-07	0	0	3	9	10	8	3	9	9	63	5
IDE	6.48	3.25e-07	0	0	12	37	10	8	25	44	8	339	6
KCNA4	6.58	3.25e-07	0	0	28	22	10	8	32	37	8	185	5
SLC35F1	7.47	3.32e-07	0	0	9	12	10	8	11	14	6	62	5
ZNF195	6.38	3.61e-07	0	0	27	32	10	8	32	53	8	198	5
GNL3	6.35	3.73e-07	0	0	25	33	11	9	36	51	8	323	5
ELMO2	6.34	4.82e-07	0	0	25	23	11	9	29	43	9	91	5
PDCL	6.45	5.35e-07	0	0	28	31	9	7	35	46	9	224	6
APH1B	6.22	5.51e-07	0	0	23	33	11	8	30	55	10	176	6
CAST	6.1	5.67e-07	0	0	37	32	11	8	44	64	10	201	5
LRBA	6.18	6.44e-07	0	0	29	28	11	9	37	52	9	189	6
GFPT2	6.32	6.53e-07	0	0	25	34	10	8	35	51	8	210	5
STRAP	8.53	7.05e-07	0	0	6	7	11	9	6	8	8	117	5
IL2	7.93	9.23e-07	0	0	6	10	10	8	6	12	8	133	5
NFRKB	7.93	9.23e-07	0	0	6	10	10	8	7	11	8	146	5
SAMD15	8.58	9.23e-07	0	0	7	8	10	8	7	9	7	186	5
ZNF566	6.29	1.03e-06	0	0	22	25	10	8	28	41	9	70	5
TIGD6	6.14	1.07e-06	0	0	29	28	11	9	37	53	9	455	6
ZC3H7A	6.09	1.07e-06	0	0	27	35	12	9	41	60	10	125	6
TXNL4B	7.26	1.13e-06	0	0	7	13	11	9	10	15	8	92	5
EPC2	8.41	1.5e-06	0	0	9	6	9	7	9	7	6	91	5
PSMB1	5.95	1.56e-06	0	0	13	36	12	9	27	56	10	191	5
DEK	6.85	1.57e-06	0	0	8	18	10	8	8	26	7	234	5
KAT2B	9.6	1.62e-06	0	0	4	6	10	8	4	6	6	686	5
ECT2L	5.95	1.9e-06	0	0	26	33	11	8	40	56	10	344	6
PCDHB1	6.21	2.2e-06	0	0	21	19	11	9	31	31	7	178	6
DCAF7	6.66	2.56e-06	0	0	21	29	7	5	24	38	7	84	5
LIX1L	6.76	2.6e-06	0	0	8	14	11	9	11	19	9	159	5
ZNF484	6.94	2.6e-06	0	0	10	12	11	9	11	18	8	211	5
CCT2	6.58	2.62e-06	0	0	12	18	9	7	14	26	8	145	6
PSMD1	7.04	3.21e-06	0	0	3	16	10	8	6	18	7	81	5
CPLANE1	6.05	3.59e-06	0	0	13	26	11	9	22	41	9	650	6
GLTP	6.09	3.99e-06	0	0	28	24	11	9	37	46	8	132	6
POLR2G	6.01	4.15e-06	0	0	23	26	10	8	32	45	9	76	6
ACSL4	5.97	4.44e-06	0	0	18	25	11	9	29	42	9	321	5
POLR2B	7.08	4.48e-06	0	0	5	13	9	7	5	17	8	129	6
RAPGEF4	6.2	4.55e-06	0	0	15	14	11	9	21	24	8	152	6
WAC	6.1	4.59e-06	0	0	13	30	10	8	20	46	9	123	6
NEK1	6.01	4.81e-06	0	0	16	30	11	9	29	46	8	542	6
KAT6B	5.92	5.66e-06	0	0	23	26	11	9	34	48	9	589	6
TAGAP	6.34	5.88e-06	0	0	9	20	10	8	18	24	9	121	5
KLHDC1	6.55	6e-06	0	0	4	17	9	9	5	24	7	95	6
DDR2	7.39	6.3e-06	0	0	6	17	7	5	6	20	6	55	5
RANGAP1	6.23	6.66e-06	0	0	20	13	10	8	21	28	8	182	5
SETD3	5.98	7.15e-06	0	0	27	31	9	7	36	52	9	84	5
UBR5	6.4	7.27e-06	0	0	5	24	8	8	6	34	6	102	5
GGPS1	7.41	7.62e-06	0	0	3	8	10	8	4	9	6	162	5
PHKB	8.27	7.62e-06	0	0	3	9	10	8	4	9	7	103	5
VPS53	8.27	7.62e-06	0	0	5	7	10	8	5	8	8	100	5
MYCBPAP	5.64	8.69e-06	0	0	20	31	12	9	36	59	10	696	6
NIPBL	5.62	8.7e-06	0	0	30	25	12	9	44	59	10	543	5
CACNA2D1	6.87	8.84e-06	0	0	8	11	9	7	9	15	6	105	5
F11	6.94	8.84e-06	0	0	5	11	11	9	7	14	8	57	5
REX1BD	6.87	8.84e-06	0	0	13	6	9	7	14	10	8	91	6
USP48	9.11	9.42e-06	0	0	4	5	8	6	4	5	7	23	5
ABCA8	4.81	9.66e-06	1	0	30	33	10	8	37	52	9	586	6
C9orf152	5.95	9.71e-06	0	0	24	25	9	7	33	42	8	99	5
FIG4	6.09	9.75e-06	0	0	20	24	9	7	28	37	7	56	5
MAP3K8	6.52	9.82e-06	0	0	9	14	10	8	11	21	9	118	5
ATM	6.17	9.93e-06	0	0	8	17	11	9	13	26	9	332	6
IRF8	9.3	1.15e-05	0	0	2	6	10	8	2	6	6	103	5
GASK1B	5.91	1.21e-05	0	0	18	19	11	9	27	35	9	103	5
ACSS3	6.11	1.25e-05	0	0	14	20	9	7	21	29	8	100	5
EEF1AKMT2	7.19	1.26e-05	0	0	2	13	9	7	3	15	7	97	6
FRRS1	6.03	1.52e-05	0	0	17	17	10	8	23	30	8	118	5
DOC2A	5.99	1.59e-05	0	0	8	17	11	9	16	25	8	181	5
LRRC9	7.43	1.78e-05	0	0	1	9	11	9	1	11	6	277	6
TRPC4	7.37	1.83e-05	0	0	3	9	9	7	5	9	6	106	6
ARHGAP35	5.74	1.96e-05	0	0	23	24	11	9	34	49	7	432	6
FBXW7	5.89	2.03e-05	0	0	20	30	10	8	36	45	9	211	5
STAG2	5.63	2.2e-05	0	0	26	28	13	9	42	61	10	1027	6
THBS4	5.82	2.2e-05	0	0	24	28	10	8	35	51	9	184	5
LRR1	5.66	2.21e-05	0	0	18	29	11	9	35	50	9	902	6
TSEN2	6.33	2.26e-05	0	0	6	17	8	6	9	22	7	50	5
CFAP57	9.13	2.29e-05	0	0	1	7	9	7	1	7	6	35	5
CPNE8	9.13	2.29e-05	0	0	3	5	9	7	3	5	6	75	5
OSGEPL1	9.13	2.29e-05	0	0	2	6	9	7	2	6	6	57	5
CYP2C18	5.68	2.31e-05	0	0	26	24	11	9	37	53	8	557	6
LRRTM2	5.65	2.31e-05	0	0	33	16	11	9	37	52	9	249	5
VIPAS39	5.73	2.42e-05	0	0	21	31	10	8	36	52	9	219	5
DDX18	6.47	2.45e-05	0	0	3	13	9	8	4	18	7	83	5
SLC6A14	6.47	2.45e-05	0	0	5	11	9	8	5	17	7	70	5
ERBIN	5.77	2.52e-05	0	0	20	26	10	8	33	44	9	336	6
SGCB	5.62	2.64e-05	0	0	20	21	11	9	31	44	9	98	6
PRORP	5.63	2.69e-05	0	0	20	26	11	9	35	49	8	260	6
ZNF660	5.63	2.69e-05	0	0	21	25	11	9	36	48	9	231	6
POLR3A	5.65	2.83e-05	0	0	27	22	10	8	36	49	8	242	5
GID4	5.8	2.97e-05	0	0	16	22	10	8	25	38	9	89	5
CEP120	5.97	3.55e-05	0	0	4	23	8	8	7	34	6	162	6
CYP26A1	5.65	3.56e-05	0	0	18	27	10	8	34	44	9	92	5
LYST	5.58	3.63e-05	0	0	21	27	11	9	37	52	9	934	6
UTRN	5.56	3.65e-05	0	0	20	25	11	9	35	49	8	211	5
PRDX3	5.71	4.06e-05	0	0	16	20	11	9	28	36	9	165	5
PRSS16	5.47	4.09e-05	0	0	17	18	12	9	25	44	9	230	6
MBD6	6.15	4.2e-05	0	0	5	10	10	9	5	18	7	145	6
ZNF786	6.31	4.2e-05	0	0	11	5	11	9	13	11	6	175	5
NCOR1	6.11	4.41e-05	0	0	8	13	10	8	10	22	7	106	5
CLEC9A	5.85	4.5e-05	0	0	16	17	10	8	25	29	9	81	5
ATAD5	5.69	4.57e-05	0	0	13	25	11	9	24	44	8	477	6
P3H2	5.92	4.73e-05	0	0	11	23	8	6	17	33	7	22	3
GRPEL1	5.62	4.95e-05	0	0	18	17	11	9	28	36	9	219	5
SLITRK4	5.48	5.56e-05	0	0	14	25	10	9	30	43	8	473	5
PHC3	5.8	5.85e-05	0	0	14	20	9	7	16	38	7	250	6
PPIE	5.97	6.08e-05	0	0	10	14	10	8	16	22	7	117	5
SLC38A6	5.36	6.33e-05	0	0	23	18	12	9	37	47	9	155	6
MBD5	6.29	6.5e-05	0	0	7	10	8	6	8	15	8	61	5
SEL1L	6.5	6.5e-05	0	0	4	9	10	8	5	13	8	200	6
FANK1	5.53	6.54e-05	0	0	21	22	11	9	37	44	9	75	5
MCTP1	5.95	8.32e-05	0	0	5	12	10	8	9	18	8	241	6
SLC30A5	6.09	8.32e-05	0	0	7	10	10	8	8	18	7	99	5
IL1A	5.51	8.45e-05	0	0	20	17	10	8	29	38	8	83	6
TLR8	5.44	9.16e-05	0	0	21	16	11	9	33	39	8	245	5
NPC1	5.44	9.42e-05	0	0	22	30	11	9	40	61	8	232	6
POP1	5.43	0.000111	0	0	25	24	10	8	37	54	9	288	6
SCN8A	5.43	0.000111	0	0	23	26	10	8	37	54	8	320	5
HBS1L	5.97	0.000121	0	0	6	12	10	9	9	20	6	166	5
CNOT6L	6.04	0.000136	0	0	6	15	8	6	9	21	6	86	5
PCDHA12	5.48	0.000154	0	0	17	19	11	9	26	43	8	596	6
ZC3H14	5.4	0.000154	0	0	14	21	11	9	27	42	7	354	6
PHF10	3.72	0.000165	1	1	16	25	12	9	23	42	10	499	6
PRR14L	5.2	0.000169	0	0	23	23	12	9	42	58	10	473	6
ARMC2	6.18	0.000173	0	0	4	12	9	7	6	17	8	167	5
WASHC5	6.34	0.000185	0	0	3	10	9	7	4	14	7	101	5
BACE2	5.93	0.00021	0	0	5	12	9	7	8	18	8	67	5
PTPRG	5.77	0.00021	0	0	3	12	10	8	9	16	7	83	5
SNX25	5.68	0.000212	0	0	5	16	10	8	9	27	8	73	5
SPAG6	5.66	0.000212	0	0	4	18	10	8	12	26	9	99	5
PEPD	6.65	0.000213	0	0	2	7	10	8	2	10	6	77	5
RARS2	6.65	0.000213	0	0	3	6	10	8	4	8	6	94	5
ERLEC1	6.52	0.00022	0	0	1	11	9	7	2	14	7	36	5
MTHFD1L	6.88	0.00022	0	0	5	11	7	5	6	13	7	48	5
RAPGEF2	6.4	0.00022	0	0	5	6	9	7	7	8	7	226	5
KIAA1217	5.1	0.000236	0	0	18	29	13	9	42	67	11	439	6
JADE1	5.23	0.000247	0	0	17	26	11	9	37	53	8	325	6
SPATA9	5.19	0.000247	0	0	21	23	11	8	39	52	10	381	6
LRP6	5.22	0.000249	0	0	18	22	11	9	34	50	9	304	6
RPEL1	5.25	0.000249	0	0	19	21	11	9	33	50	8	153	5
FBXO6	5.34	0.000294	0	0	14	20	10	8	27	38	8	223	6
PYGM	5.9	0.000295	0	0	12	5	8	6	13	12	6	133	6
ETDC	5.31	0.000312	0	0	9	20	11	9	18	41	9	144	5
MANEA	6.81	0.000373	0	0	3	5	9	7	3	7	6	142	6
NARF	6.63	0.000373	0	0	3	4	9	7	3	6	6	169	6
SCP2	7.37	0.000373	0	0	0	7	9	7	0	8	6	79	5
CEP95	6.39	0.000383	0	0	1	11	10	8	1	16	7	139	5
FERMT3	6.29	0.000406	0	0	5	5	11	9	7	8	7	209	6
IFI30	6.63	0.000425	0	0	1	9	9	7	1	12	6	174	5
XPO4	6.48	0.000425	0	0	5	4	9	7	6	6	6	112	5
AP2B1	5.1	0.000431	0	0	20	19	10	8	34	47	7	149	6
ATP5F1A	5.81	0.000434	0	0	1	13	8	8	4	18	6	158	5
UGCG	3.3	0.000487	4	3	32	35	10	8	36	41	6	314	5
PDE6A	5.12	0.000493	0	0	15	18	11	9	29	43	9	187	5
ATRN	5.18	0.000496	0	0	19	14	9	7	27	36	7	136	5
MAP10	5.36	0.000496	0	0	9	15	11	9	13	35	9	471	6
TMEM106A	5.36	0.000496	0	0	10	13	11	9	19	27	7	101	5
RAD50	5.07	0.000562	0	0	14	22	11	9	34	46	8	359	5
NLN	5.23	0.000583	0	0	6	16	11	9	18	28	7	213	5
RALGAPA1	5.69	0.000591	0	0	6	14	8	6	11	20	7	176	5
ANKRD28	5.26	0.000592	0	0	10	16	10	8	23	28	8	119	6
OTOA	5.27	0.000603	0	0	11	14	9	6	17	28	8	110	5
ELF2	5.83	0.000641	0	0	1	10	10	8	3	15	7	110	5
GTF2H1	5.59	0.000688	0	0	6	16	8	6	14	21	7	99	5
NUP98	5.12	0.000771	0	0	14	13	11	9	23	36	9	171	5
NRSN1	5.14	0.000908	0	0	5	16	9	9	8	35	6	169	5
SF3B1	5.29	0.00092	0	0	7	13	11	9	10	31	7	146	5
EZH1	5.15	0.000946	0	0	16	12	9	7	26	28	7	86	5
PARD3	5.1	0.000961	0	0	10	20	8	7	23	34	7	120	6
THSD4	4.84	0.00112	0	0	22	22	10	7	41	57	9	84	5
ENKUR	5.13	0.00114	0	0	18	17	9	7	29	39	8	79	5
PKHD1L1	4.7	0.00116	0	0	18	23	12	9	44	65	8	915	6
KPNA5	5.65	0.00119	0	0	4	10	9	7	7	16	7	156	5
PIP4K2A	4.91	0.00128	0	0	17	18	11	9	33	50	8	169	5
TENM1	5.19	0.00129	0	0	17	12	8	6	27	25	8	53	6
C1orf21	5.21	0.00138	0	0	20	12	8	6	27	30	6	60	5
EXOSC10	4.82	0.00148	0	0	21	14	11	9	36	50	8	148	5
WWC2	4.86	0.00148	0	0	15	21	11	9	36	51	9	373	6
RBM25	5.54	0.0015	0	0	3	15	7	7	5	24	6	126	5
PAH	4.91	0.00154	0	0	29	13	9	7	36	52	9	11	4
TRIM23	6.3	0.00163	0	0	0	9	8	6	1	11	6	98	5
ADGB	4.77	0.00167	0	0	10	25	11	9	36	52	8	328	6
MSANTD1	5.78	0.00169	0	0	2	5	9	7	2	9	7	107	5
ZC3H12B	4.98	0.00177	0	0	10	16	11	9	24	36	8	157	6
WDHD1	4.75	0.00186	0	0	12	17	9	8	30	37	8	276	5
LDHA	4.99	0.0019	0	0	9	8	11	9	19	20	7	208	5
RANBP2	4.69	0.00193	0	0	15	22	12	9	40	59	9	691	6
RBBP6	5.26	0.00198	0	0	12	14	6	4	16	24	6	23	5
ATPAF1	5.42	0.00217	9	6	33	27	11	9	33	27	9	441	6
BUB1	4.78	0.00225	0	0	16	18	10	8	34	46	8	89	5
RPGRIP1L	4.81	0.00225	0	0	14	20	10	8	33	46	8	255	5
HAX1	4.88	0.00233	0	0	11	19	11	9	29	43	7	210	6
PDIK1L	4.79	0.00238	0	0	17	21	10	8	37	52	7	89	5
MXRA5	3.03	0.00249	1	1	21	24	12	9	39	49	9	905	6
NIPAL1	4.68	0.00278	0	0	13	18	11	9	33	48	9	259	6
TDRD3	4.87	0.00279	0	0	11	11	10	8	21	29	7	190	5
CYFIP2	5.32	0.00281	0	0	4	10	8	6	7	17	7	70	6
HSP90B1	4.71	0.00285	0	0	14	19	11	9	37	48	8	120	6
DICER1	4.64	0.00288	0	0	12	17	11	9	34	43	8	961	6
NDST4	4.95	0.00293	0	0	6	9	9	7	12	19	7	96	6
HACL1	5.79	0.00295	0	0	5	5	8	6	8	7	6	93	5
LIPF	4.71	0.00307	0	0	16	19	11	9	37	53	8	273	5
NOL11	4.67	0.00319	0	0	11	23	11	9	36	53	8	268	5
SLC4A1	4.72	0.00324	0	0	13	14	9	7	24	37	7	131	5
MYOF	3.75	0.00334	1	0	25	29	12	9	44	65	9	690	6
TRMT5	4.74	0.00342	0	0	18	16	9	7	34	42	7	143	5
FGG	4.68	0.00346	0	0	17	14	9	7	34	37	7	85	5
GINM1	5.53	0.0037	0	0	4	6	9	7	7	10	6	59	5
CTTNBP2	4.67	0.00375	0	0	22	11	9	7	36	40	7	109	5
SIN3B	4.74	0.00389	0	0	16	12	10	8	28	39	9	105	5
DNAJB5	4.99	0.00393	0	0	8	10	10	8	16	23	6	61	5
HEBP2	5.5	0.00403	0	0	3	7	11	9	6	13	7	139	5
SPIRE1	4.91	0.00408	0	0	17	13	8	6	26	33	6	157	5
MMRN1	4.57	0.00417	0	0	19	19	12	9	44	63	9	624	5
ZNF765	4.65	0.00422	0	0	10	19	10	8	34	38	7	46	5
FBXO33	4.68	0.00435	0	0	14	17	10	8	33	43	8	162	6
IGSF1	4.63	0.00442	0	0	7	17	11	9	27	37	8	398	5
NDUFA5	4.88	0.00455	0	0	9	10	7	5	16	19	6	58	5
TAF1A	5.58	0.00459	0	0	3	5	8	7	5	8	6	213	5
ZFHX3	4.58	0.00459	0	0	18	11	10	8	33	41	6	370	6
PGK1	4.57	0.00492	0	0	16	12	10	8	32	40	6	54	5
FDPS	4.62	0.00501	0	0	19	9	12	8	34	41	8	214	5
FANCE	4.53	0.00539	0	0	15	14	11	9	35	46	8	380	6
SYT1	4.55	0.00539	0	0	15	14	11	9	35	45	7	223	5
ADCY8	4.51	0.0058	0	0	13	18	11	9	37	50	8	166	6
RASA1	4.75	0.0059	0	0	4	9	9	7	12	17	8	78	5
OR8I2	4.48	0.006	0	0	11	17	11	9	37	43	7	660	6
PSG11	4.48	0.006	0	0	14	14	11	9	33	47	8	844	6
NSDHL	4.72	0.00609	0	0	9	13	10	8	23	30	7	70	5
ALG2	4.42	0.0061	0	0	7	22	11	9	36	49	8	158	5
NSUN6	4.42	0.00623	0	0	7	24	11	9	37	54	8	377	6
CNOT10	4.48	0.00647	0	0	11	14	8	7	23	37	6	115	6
SOS2	4.42	0.00668	0	0	9	21	11	9	37	51	7	418	5
LMLN	4.4	0.00687	0	0	12	25	11	8	42	64	10	271	5
NT5DC1	5.34	0.00735	0	0	5	7	6	4	7	11	6	37	6
CCDC196	4.49	0.00791	0	0	13	21	9	7	37	47	8	59	6
PRPF18	4.45	0.00791	0	0	18	15	9	7	36	47	7	56	5
ESRP1	4.48	0.008	0	0	9	12	11	9	26	34	8	133	6
LIPK	4.22	0.008	0	0	15	16	12	9	43	60	8	548	6
PCGF1	4.49	0.0083	0	0	11	15	10	8	29	40	7	86	5
RLF	4.53	0.00837	0	0	9	19	10	8	30	43	9	194	5
RNPC3	4.86	0.00874	0	0	4	10	7	5	7	19	6	63	6
PRKG2	4.41	0.00893	0	0	8	16	10	8	26	40	8	146	6
URI1	4.46	0.00962	0	0	7	18	11	9	30	42	9	106	5
TSSK4	4.35	0.00985	0	0	17	12	10	8	36	46	8	135	5
ITSN2	4.49	0.0102	0	0	1	14	10	8	10	30	7	373	5
CSNK1G3	4.47	0.0103	0	0	14	20	10	8	37	54	7	177	5
ZC3H12C	4.34	0.0107	0	0	14	13	11	9	35	47	9	150	5
HCAR2	4.27	0.0111	0	0	11	16	11	9	36	49	7	399	6
NOLC1	4.27	0.0111	0	0	19	8	11	9	35	50	8	216	6
OR14K1	4.34	0.0111	0	0	16	12	11	9	35	50	8	160	6
METTL16	4.46	0.0111	0	0	4	14	9	8	10	37	6	235	5
GDPD3	4.76	0.0115	0	0	5	9	8	6	13	16	7	55	5
ZNF827	4.22	0.0118	0	0	9	18	11	9	36	51	8	289	6
KLHL24	4.45	0.0125	0	0	11	25	8	6	34	50	7	120	5
TNRC6A	4.17	0.0127	0	0	11	16	11	9	37	52	9	667	6
NCBP3	4.71	0.0128	0	0	4	5	8	6	8	11	6	81	6
ZNF813	4.09	0.0137	0	0	10	17	12	9	42	54	8	885	6
PGBD1	4.32	0.0141	0	0	8	16	9	7	20	44	8	200	5
LINGO2	4.19	0.0147	0	0	5	14	9	8	20	36	6	214	5
ATP8A2	4.7	0.0154	0	0	3	6	10	8	10	12	6	62	6
PDS5B	4.45	0.0161	0	0	5	9	10	8	11	27	6	207	6
SMC4	4.26	0.0167	0	0	22	11	9	7	37	53	8	91	6
ERCC4	4.21	0.0169	0	0	8	13	11	9	27	41	8	134	5
MINAR1	4.37	0.017	0	0	4	9	10	9	10	28	6	140	5
RUFY2	4.31	0.0171	0	0	6	7	9	7	13	22	6	231	5
UBA6	4.64	0.0178	0	0	2	9	7	5	5	17	6	58	5
PAX6	4.19	0.0179	0	0	6	22	9	8	32	50	7	365	6
DROSHA	4.09	0.0181	0	0	6	21	9	8	32	51	7	273	6
DDX21	4.27	0.0191	0	0	12	18	10	8	35	53	9	364	6
DNAJC13	4.33	0.0193	0	0	6	12	9	6	12	34	8	350	6
USP15	4.14	0.02	0	0	6	20	10	8	33	48	7	216	5
TUT7	4.13	0.0207	0	0	8	16	11	9	30	51	6	340	6
MDGA2	4.09	0.0207	0	0	15	10	11	9	36	50	6	189	6
AMZ2	4.07	0.0216	0	0	17	9	11	9	37	53	8	218	6
CD3G	4.22	0.0216	0	0	1	14	8	8	7	35	7	212	5
GPR149	4.07	0.0216	0	0	14	12	11	9	37	53	9	149	5
HFE	4.04	0.0216	0	0	8	17	11	9	37	51	8	413	6
UGGT2	4.14	0.0222	0	0	6	9	10	8	12	35	6	528	6
NSMCE1	4.43	0.0225	0	0	5	6	8	6	11	15	6	30	5
BLM	4.05	0.0228	0	0	14	12	11	9	37	54	8	497	6
TNRC6C	4.06	0.0235	0	0	14	14	12	9	42	59	9	399	6
GOLGA6L7	4.41	0.0246	0	0	3	4	11	9	10	11	6	200	6
NF1	4.07	0.025	0	0	7	10	10	8	22	33	6	284	6
ERG28	4.22	0.0254	0	0	13	19	8	6	34	48	7	62	6
FBXL4	4.11	0.0255	0	0	11	15	8	6	33	37	7	149	6
SAMD9	3.91	0.0255	0	0	11	16	13	9	44	65	10	465	6
SULF1	4.16	0.0258	0	0	12	7	10	8	29	30	6	193	6
MACROH2A2	4.16	0.0262	0	0	11	12	9	7	26	40	8	71	5
FBXW11	4	0.0272	0	0	4	13	10	8	18	39	7	276	5
SYT10	4.12	0.0274	0	0	8	10	11	9	26	35	6	182	6
EMSY	4.11	0.028	0	0	10	16	9	7	33	43	8	140	6
ARHGAP12	4.3	0.0294	0	0	0	12	10	8	7	28	6	312	5
YES1	3.96	0.0295	0	0	10	9	10	8	30	35	7	104	5
APBB1IP	3.97	0.0302	0	0	12	11	9	7	31	41	7	123	6
SNTN	3.97	0.0307	0	0	13	17	9	6	37	53	8	129	5
SMCR8	4	0.0311	0	0	7	13	11	9	30	42	9	1008	6
VIRMA	4	0.0311	0	0	8	12	11	9	32	40	8	301	5
BBS7	4.07	0.0319	0	0	9	17	10	8	35	49	9	205	6
ANK2	4.13	0.0321	0	0	6	10	8	5	14	27	6	100	5
MTERF2	3.87	0.0339	0	0	10	13	10	9	33	52	8	206	6
PTK2	4.01	0.0339	0	0	4	20	11	9	33	53	7	284	5
ZNF501	3.99	0.0341	0	0	15	8	11	9	35	48	7	189	5
CACNA1D	4.39	0.0341	0	0	3	7	7	5	6	16	7	66	5
HMGCS1	3.88	0.0348	0	0	7	16	11	9	37	51	8	125	5
RUFY1	3.94	0.0348	0	0	8	16	11	9	37	52	7	162	6
RWDD2A	3.88	0.0348	0	0	15	8	11	9	37	51	7	96	5
IPO5	2.62	0.035	1	1	14	10	11	9	20	33	8	255	6
PARP1	3.95	0.0353	0	0	9	15	6	5	22	38	6	8	3
ATP2A1	2.27	0.0355	4	3	22	25	9	7	26	33	6	326	5
KTN1	3.81	0.0361	0	0	11	12	11	9	37	54	7	481	5
NSD1	3.9	0.0361	0	0	8	16	11	9	37	54	8	740	6
PABPC1	2.4	0.0361	11	6	43	66	13	9	44	71	11	1192	6
ZNF680	4.24	0.0366	0	0	4	10	11	9	18	27	6	192	5
ZNF800	4.09	0.0366	0	0	3	10	11	9	15	30	6	283	5
TTC3	3.8	0.0383	0	0	8	17	12	9	42	61	9	529	5
SEPSECS	4.16	0.0415	0	0	4	13	6	4	12	25	6	174	5
ABHD10	3.93	0.0445	0	0	9	17	8	6	34	42	6	99	5
SERPINB6	3.79	0.0469	0	0	3	13	11	8	17	45	7	248	6
